<?xml version="1.0" encoding="utf-8"?>
<install version="1.6" type="plugin" group="content">
    <name>PLG_CONTENT_MEDIA</name>
    <author>Aman Gautam, Marcelo Eden</author>
    <creationDate>May 2010</creationDate>
    <copyright>Copyright (C) 2005 - 2010 Open Source Matters. All rights reserved.</copyright>
    <license>GNU General Public License version 2 or later; see LICENSE.txt</license>
    <authorEmail>amangautam@ymail.com</authorEmail>
    <authorUrl>http://www.3den.org</authorUrl>
    <version>0.2</version>
    <description>PLG_CONTENT_MEDIA_XML_DESCRIPTION</description>

    <files folder="plugins/content/media">
        <filename plugin="media">media.php</filename>
        <filename>index.html</filename>
        <folder>types</folder>
    </files>
        
    <languages folder="administrator/language">
        <language tag="en-GB">en-GB/en-GB.plg_content_media.ini</language>
        <language tag="en-GB">en-GB/en-GB.plg_content_media.sys.ini</language>
    </languages>

    <media destination="media" folder="media/media">
        <folder>thumbs</folder>
        <folder>players</folder>
    </media>
	
    <config>
        <fields name="params">
            <fieldset name="basic">
                <!-- Make everything multilanguage -->
                <field name="defaultdir"
					type="text" 
					size="20" 
					default="images/stories/" 
					label="PLG_CONTENT_MEDIA_DEFAULT_DIR_LABEL"
					description="PLG_CONTENT_MEDIA_DEFAULT_DIR_DESC" />
				
                <field name="width"
					type="text" 
					size="5" 
					default="" 
					label="PLG_CONTENT_MEDIA_WIDTH_LABEL" 
					description="PLG_CONTENT_MEDIA_WIDTH_DESC"/>
				
				
                <field name="height"
					type="text" 
					size="5" 
					default="" 
					label="PLG_CONTENT_MEDIA_HEIGHT_LABEL" 
					description="PLG_CONTENT_MEDIA_HEIGHT_DESC"/>
				
                <field name="autostart"
					type="radio" 
					default="0" 
					label="PLG_CONTENT_MEDIA_AUTOSTART_LABEL" 
					description="PLG_CONTENT_MEDIA_AUTOSTART_DESC">
                    <option value="0">JNO</option>
                    <option value="1">JYES</option>
                </field>
            </fieldset>
            <fieldset name="thumbnails" label="Thumbnails">
                <field name="thumbwidth"
					type="text"
					default="160" 
					size="20" 
					label="PLG_CONTENT_MEDIA_THUMB_WIDTH_LABEL"
					description="PLG_CONTENT_MEDIA_THUMB_WIDTH_DESC" />
				
                <field name="thumbheight"
					type="text" 
					size="5" 
					default="" 
					label="PLG_CONTENT_MEDIA_THUMB_HEIGHT_LABEL" 
					description="PLG_CONTENT_MEDIA_THUMB_HEIGHT_DESC"/>
				
				
            </fieldset>


            <fieldset name="players" label="Players">
				<!--Media Players -->
                <field name="flv_player"
					type="list" 
					default="2kplayer" 
					label="PLG_CONTENT_MEDIA_FLV_PLAYER_LABEL" 
					description="PLG_CONTENT_MEDIA_FLV_PLAYER_DESC">
						
                    <option value="jwplayer">PLG_CONTENT_MEDIA_FLV_PLAYER_JWPPLAYER</option>
                    <option value="2kplayer">PLG_CONTENT_MEDIA_FLV_PLAYER_3K_FLV_PLAYER</option>
				
                </field>
				
                <field name="mp3_player"
					type="list" 
					default="1pixelout" 
					label="PLG_CONTENT_MEDIA_MP3_PLAYER_LABEL" 
					description="PLG_CONTENT_MEDIA_MP3_PLAYER_DESC" >
						
                    <option value="jwplayer">PLG_CONTENT_MEDIA_MP3_PLAYER_JWPLAYER</option>
                    <option value="1pixelout">PLG_CONTENT_MEDIA_MP3_PLAYER_1PIXELOUT</option>
				
                </field>
            </fieldset>
            <fieldset name="Youtube" label="Youtube">
				<!--Youtube API-->
                <field name="@spacer"
					type="spacer" 
					default="" 
					label="" 
					description="" />
				
                <field name="youtube_rel"
					type="radio" 
					default="1" 
					label="PLG_CONTENT_MEDIA_YOUTUBE_RELATED_LABEL" 
					description="PLG_CONTENT_MEDIA_YOUTUBE_RELATED_DESC" >
						
                    <option value="0">JNO</option>
                    <option value="1">JYES</option>
				
                </field>
				
                <field name="youtube_loop"
					type="radio" 
					default="0" 
					label="PLG_CONTENT_MEDIA_YOUTUBE_LOOP_LABEL" 
					description="PLG_CONTENT_MEDIA_YOUTUBE_LOOP_DESC" >
						
                    <option value="0">JNO</option>
                    <option value="1">JYES</option>
				
                </field>
				
                <field name="youtube_disablekb"
					type="radio" 
					default="0" 
					label="PLG_CONTENT_MEDIA_YOUTUBE_DISABLE_KEYBOARD_LABEL" 
					description="PLG_CONTENT_MEDIA_YOUTUBE_DISABLE_KEYBOARD_DESC" >
						
                    <option value="0">JNO</option>
                    <option value="1">JYES</option>
				
                </field>
				
                <field name="youtube_egm"
					type="radio" 
					default="0" 
					label="PLG_CONTENT_MEDIA_YOUTUBE_ENHANCED_GENIE_MENU_LABEL" 
					description="PLG_CONTENT_MEDIA_YOUTUBE_ENHANCED_GENIE_MENU_DESC">
						
                    <option value="0">JNO</option>
                    <option value="1">JYES</option>
				
                </field>
				
                <field name="youtube_border"
				type="radio" 
				default="0" 
				label="PLG_CONTENT_MEDIA_YOUTUBE_BORDER_LABEL" 
				description="PLG_CONTENT_MEDIA_YOUTUBE_BORDER_DESC">
						
                    <option value="0">JNO</option>
                    <option value="1">JYES</option>
				
                </field>
				
                <field name="youtube_color1"
					type="text" 
					size="6" 
					default="CCCCCC" 
					label="PLG_CONTENT_MEDIA_YOUTUBE_COLOR1_LABEL" 
					description="PLG_CONTENT_MEDIA_YOUTUBE_COLOR1_DESC">
                </field>
				
                <field name="youtube_color2"
					type="text" 
					size="6" 
					default="CCCCCC" 
					label="PLG_CONTENT_MEDIA_YOUTUBE_COLOR2_LABEL" 
					description="PLG_CONTENT_MEDIA_YOUTUBE_COLOR2_DESC">
                </field>
            </fieldset>
				<!--JW-->
            <fieldset name="jwPlayer" label="JW Player">
                <field name="@spacer"
				 	type="spacer" 
					default="" 
					label="" 
					description=""
				/>
				
                <field name="jw_logo"
					type="imagelist" 
					default="" 
					label="PLG_CONTENT_MEDIA_JW_LOGO_LABEL" 
					directory="images" 
					exclude="" 
					stripext="" 
					description="PLG_CONTENT_MEDIA_JW_LOGO_DESC" />
				
                <field name="jw_backcolor"
					type="text" 
					size="6" 
					default="FFFFFF" 
					label="PLG_CONTENT_MEDIA_JW_BACKCOLOR_LABEL" 
					description="PLG_CONTENT_MEDIA_JW_BACKCOLOR_DESC" />
				
                <field name="jw_frontcolor"
					type="text" 
					size="6" 
					default="000000" 
					label="PLG_CONTENT_MEDIA_JW_FRONTCOLOR_LABEL" 
					description="PLG_CONTENT_MEDIA_JW_FRONTCOLOR_DESC"/>
				
                <field name="jw_lightcolor"
					type="text" 
					size="6" 
					default="000000" 
					label="PLG_CONTENT_MEDIA_JW_LIGHTCOLOR_LABEL" 
					description="PLG_CONTENT_MEDIA_JW_LIGHTCOLOR_DESC"/>
				
                <field name="jw_screencolor"
					type="text" 
					size="6" 
					default="000000" 
					label="PLG_CONTENT_MEDIA_JW_SCREENCOLOR_LABEL" 
					description="PLG_CONTENT_MEDIA_JW_SCREENCOLOR_DESC"/>
				
                <field name="jw_quality"
					type="radio" 
					default="1" 
					label="PLG_CONTENT_MEDIA_JW_QUALITY_LABEL" 
					description="PLG_CONTENT_MEDIA_JW_QUALITY_DESC">
                    <option value="0">PLG_CONTENT_MEDIA_NORMAL</option>
                    <option value="1">PLG_CONTENT_MEDIA_HIGH</option>
                </field>
            </fieldset>
        </fields>
    </config>
</install>
